Hostname,Operating System,Build
ENGRFS1,Windows Server 2016 Standard,14393
ENGRITRDS01,Windows Server 2019 Datacenter,17763
ENGRLJH1DKC2,Windows 10 Enterprise,19043
ENGRLT-7VTXY2,Windows 10 Enterprise,19044
ENGRLT022L2J3,Windows 10 Enterprise,19044
ENGRLT069HM2,Windows 10 Enterprise,19042
ENGRLT0CCST2,Windows 10 Enterprise,19042
ENGRLT0H4BC3,Windows 10 Enterprise,19043
ENGRLT0V6733,Windows 10 Enterprise,19043
ENGRLT0YQ4H2,Windows 10 Enterprise,19042
ENGRLT11XDFB3,Windows 10 Enterprise,19042
ENGRLT165YD3,Windows 10 Enterprise,19043
ENGRLT16X7Y2,Windows 10 Enterprise,19042
ENGRLT17W41Z2,Windows 10 Enterprise,19041
ENGRLT18QXK63,Windows 10 Enterprise,19042
ENGRLT1CR07H2,Windows 10 Enterprise,19042
ENGRLT1J44M63,Windows 10 Enterprise,19043
ENGRLT1J5YK63,Windows 10 Enterprise,19042
ENGRLT1KS1FB3,Windows 10 Enterprise,19042
ENGRLT1PDBG2,Windows 10 Enterprise,19041
ENGRLT1TH6CK3,Windows 10 Enterprise,19042
ENGRLT1VWLYD3,Windows 10 Enterprise,19042
ENGRLT1ZL5CK3,Windows 10 Enterprise,19042
ENGRLT1ZP3Z2,Windows 10 Enterprise,19044
ENGRLT21DZ2M2,Windows 10 Enterprise,19041
ENGRLT23H4BC3,Windows 10 Enterprise,19042
ENGRLT2G7733,Windows 10 Enterprise,19044
ENGRLT2NW4F2,Windows 10 Enterprise,19042
ENGRLT2VP67G3,Windows 10 Enterprise,19042
ENGRLT2VWDFB3,Windows 10 Enterprise,19044
ENGRLT2Y83X2,Windows 10 Enterprise,19044
ENGRLT31FX3X1,Windows 10 Enterprise,19041
ENGRLT33X7793,Windows 10 Enterprise,19044
ENGRLT34FSQV2,Windows 10 Enterprise,19043
ENGRLT3BGBXD3,Windows 10 Enterprise,19042
ENGRLT3BQ8P72,Windows 10 Enterprise,19042
ENGRLT3CTXY2,Windows 10 Enterprise,19041
ENGRLT3HTZL33,Windows 10 Enterprise,19044
ENGRLT3K0M33,Windows 10 Enterprise,19044
ENGRLT3MM6J3,Windows 10 Enterprise,19044
ENGRLT3N56YT2,Windows 10 Enterprise,19041
ENGRLT3PD1ZW2,Windows 10 Enterprise,19041
ENGRLT3QP6J3,Windows 10 Enterprise,19044
ENGRLT3SWDFB3,Windows 10 Enterprise,19042
ENGRLT3TWX52,Windows 10 Enterprise,19041
ENGRLT3VF063,Windows 10 Enterprise,19041
ENGRLT3YHBH2,Windows 10 Enterprise,19042
ENGRLT3ZYD9H2,Windows 10 Enterprise,19042
ENGRLT41R0M33,Windows 10 Enterprise,19044
ENGRLT45GLL63,Windows 10 Enterprise,19042
ENGRLT46LFL13,Windows 10 Enterprise,19044
ENGRLT46RBXD3,Windows 10 Enterprise,19044
ENGRLT4FQF13,Windows 10 Enterprise,19044
ENGRLT4HWL6J3,Windows 10 Enterprise,19044
ENGRLT4J6ST2,Windows 10 Enterprise,19044
ENGRLT4KJ67G3,Windows 10 Enterprise,19042
ENGRLT4M2H72,Windows 10 Enterprise,19044
ENGRLT4PGRF2,Windows 10 Enterprise,19043
ENGRLT4WXD7G3,Windows 10 Enterprise,19044
ENGRLT50Q6J3,Windows 10 Enterprise,19043
ENGRLT52BST2,Windows 10 Enterprise,19042
ENGRLT537YX52,Windows 10 Enterprise,19042
ENGRLT552LXD3,Windows 10 Enterprise,19044
ENGRLT56NH5H2,Windows 10 Enterprise,19044
ENGRLT58PL63,Windows 10 Enterprise,22000
ENGRLT58R78H2,Windows 10 Enterprise,19042
ENGRLT5BG91F3,Windows 10 Enterprise,19044
ENGRLT5D3PYD3,Windows 10 Enterprise,19042
ENGRLT5FH05H2,Windows 10 Enterprise,19044
ENGRLT5GHYZ1,Windows 10 Enterprise,19042
ENGRLT5HPL63,Windows 10 Enterprise,19042
ENGRLT5KM7733,Windows 10 Enterprise,19042
ENGRLT5NC0M33,Windows 10 Enterprise,19044
ENGRLT5QP6J3,Windows 10 Enterprise,19043
ENGRLT5RP09K3,Windows 10 Enterprise,19044
ENGRLT5ST0693,Windows 10 Enterprise,19042
ENGRLT5SVPYD3,Windows 10 Enterprise,19042
ENGRLT5WL6J3,Windows 10 Enterprise,19043
ENGRLT61G27D3,Windows 10 Enterprise,19042
ENGRLT61NXD3,Windows 10 Enterprise,19042
ENGRLT62H9FB3,Windows 10 Enterprise,19042
ENGRLT65BY8C3,Windows 10 Enterprise,19042
ENGRLT6625R73,Windows 10 Enterprise,19042
ENGRLT67VZ8C3,Windows 10 Enterprise,19042
ENGRLT6BZ9K3,Windows 10 Enterprise,19043
ENGRLT6D1M33,Windows 10 Enterprise,19042
ENGRLT6D7L8C3,Windows 10 Enterprise,19043
ENGRLT6GJ67G3,Windows 10 Enterprise,19042
ENGRLT6J1593,Windows 10 Enterprise,19043
ENGRLT6KM3BC3,Windows 10 Enterprise,19042
ENGRLT6MWF9C3,Windows 10 Enterprise,19042
ENGRLT6Q2DK3,Windows 10 Enterprise,19042
ENGRLT6R46CK3,Windows 10 Enterprise,19042
ENGRLT6S5YD3,Windows 10 Enterprise,19042
ENGRLT6TP6J3,Windows 10 Enterprise,19043
ENGRLT72PRQ2,Windows 10 Enterprise,19044
ENGRLT74D5M2,Windows 10 Enterprise,19044
ENGRLT7695XD3,Windows 10 Enterprise,19042
ENGRLT77Z3R73,Windows 10 Enterprise,19042
ENGRLT780Q262,Windows 10 Enterprise,19041
ENGRLT7CMY6D3,Windows 10 Enterprise,19043
ENGRLT7CTP6J3,Windows 10 Enterprise,22000
ENGRLT7CW66D3,Windows 10 Enterprise,19043
ENGRLT7DH05H2,Windows 10 Enterprise,19044
ENGRLT7N74Q13,Windows 10 Enterprise,19043
ENGRLT7QDL63,Windows 10 Enterprise,19042
ENGRLT7QN6J3,Windows 10 Enterprise,19043
ENGRLT821F8D3,Windows 10 Enterprise,19042
ENGRLT844GS73,Windows 10 Enterprise,19042
ENGRLT84R5M3,Windows 10 Enterprise,19042
ENGRLT877ST2,Windows 10 Enterprise,19044
ENGRLT87VTXY2,Windows 10 Enterprise,19043
ENGRLT89TXY2,Windows 10 Enterprise,19043
ENGRLT8BHBXD3,Windows 10 Enterprise,19042
ENGRLT8D01593,Windows 10 Enterprise,19042
ENGRLT8GVNYM2,Windows 10 Enterprise,19044
ENGRLT8HMHC2,Windows 10 Enterprise,19044
ENGRLT8JSJXW1,Windows 10 Enterprise,19042
ENGRLT8MP5M3,Windows 10 Enterprise,19042
ENGRLT8Q04R73,Windows 10 Enterprise,19042
ENGRLT8TLL63,Windows 10 Enterprise,19044
ENGRLT8YG57G3,Windows 10 Enterprise,19042
ENGRLT913063,Windows 10 Enterprise,19044
ENGRLT91D2M33,Windows 10 Enterprise,19042
ENGRLT94YC9C3,Windows 10 Enterprise,19042
ENGRLT96905S2,Windows 10 Enterprise,19044
ENGRLT96QKWF1,Windows 10 Enterprise,19042
ENGRLT976CXD3,Windows 10 Enterprise,19042
ENGRLT98M5R73,Windows 10 Enterprise,19042
ENGRLT99V8C3,Windows 10 Enterprise,19042
ENGRLT99Z493,Windows 10 Enterprise,19044
ENGRLT9H984M2,Windows 10 Enterprise,19044
ENGRLT9WLRV2,Windows 10 Education,19044
ENGRLT9ZJZ4M3,Windows 10 Enterprise,19042
ENGRLTB3PVCB3,Windows 10 Enterprise,19042
ENGRLTB65YD3,Windows 10 Enterprise,22000
ENGRLTB9319C3,Windows 10 Enterprise,19044
ENGRLTBFVLQ32,Windows 10 Enterprise,19042
ENGRLTBHCN9Y2,Windows 10 Enterprise,19042
ENGRLTBJT562,Windows 10 Enterprise,19044
ENGRLTBM1BG2,Windows 10 Enterprise,19043
ENGRLTBMXNYD3,Windows 10 Enterprise,19042
ENGRLTBTP6J3,Windows 10 Enterprise,19042
ENGRLTBV9XD3,Windows 10 Enterprise,19044
ENGRLTBZV05H2,Windows 10 Enterprise,19044
ENGRLTBZWDFB3,Windows 10 Enterprise,19042
ENGRLTC01593,Windows 10 Enterprise,19043
ENGRLTC01593,Windows 10 Enterprise,19042
ENGRLTC0MRQ2,Windows 10 Education,19044
ENGRLTC1Q4R73,Windows 10 Enterprise,19042
ENGRLTC46XD3,Windows 10 Enterprise,19043
ENGRLTC78YT2,Windows 10 Enterprise,19042
ENGRLTC7WZK63,Windows 10 Enterprise,19042
ENGRLTCHNRQ32,Windows 10 Enterprise,19044
ENGRLTCJW5R73,Windows 10 Enterprise,19042
ENGRLTCLYQRQ2,Windows 10 Enterprise,19044
ENGRLTCMH05H2A,Windows 10 Enterprise,19042
ENGRLTCQXQ4H2,Windows 10 Enterprise,19042
ENGRLTCV891F3,Windows 10 Enterprise,19042
ENGRLTCWMLZL1,Windows 10 Enterprise,19042
ENGRLTCWYF063,Windows 10 Enterprise,19042
ENGRLTCYQFP13,Windows 10 Enterprise,19041
ENGRLTD01593,Windows 10 Enterprise,19042
ENGRLTD0QZ2D3,Windows 10 Enterprise,19044
ENGRLTD2P05H2,Windows 10 Enterprise,19042
ENGRLTD2QB733,Windows 10 Enterprise,19042
ENGRLTD5PWK63,Windows 10 Enterprise,18363
ENGRLTD7N6J3,Windows 11,22000
ENGRLTD7N6J3,Windows 10 Enterprise,19043
ENGRLTD9V793,Windows 10 Enterprise,19042
ENGRLTDBGBK3,Windows 10 Enterprise,19043
ENGRLTDCX6P32,Windows 10 Enterprise,19041
ENGRLTDFYYTF2,Windows 10 Enterprise,19044
ENGRLTDGTCS1,Windows 10 Enterprise,19044
ENGRLTDHN3J3,Windows 10 Enterprise,19043
ENGRLTDN48533,Windows 10 Enterprise,19044
ENGRLTDPK23X2,Windows 10 Enterprise,19044
ENGRLTDPLRV2,Windows 10 Enterprise,19042
ENGRLTDSR5M3,Windows 10 Enterprise,19042
ENGRLTDV52362,Windows 10 Enterprise,19042
ENGRLTDVF7733,Windows 10 Enterprise,19041
ENGRLTDW3WP32,Windows 10 Enterprise,19043
ENGRLTDWVP12,Windows 10 Enterprise,19041
ENGRLTDXYKD72,Windows 10 Enterprise,19044
ENGRLTF2C733,Windows 10 Enterprise,19042
ENGRLTF2ZRBK3,Windows 10 Enterprise,19043
ENGRLTF517733,Windows 10 Enterprise,19042
ENGRLTF63063,Windows 10 Enterprise,19044
ENGRLTFH4RYD3,Windows 10 Enterprise,19042
ENGRLTFHM4693,Windows 10 Enterprise,19044
ENGRLTFMW5R73,Windows 10 Enterprise,19042
ENGRLTFND1ZW2,Windows 10 Enterprise,19044
ENGRLTFNX4XD3,Windows 10 Enterprise,19042
ENGRLTFT38L13,Windows 10 Enterprise,19044
ENGRLTFTQQ72,Windows 10 Enterprise,19043
ENGRLTFWZRZM2,Windows 10 Enterprise,19041
ENGRLTFXWDFB3,Windows 10 Enterprise,19043
ENGRLTFZ1DK3,Windows 10 Enterprise,19042
ENGRLTFZFSYD3,Windows 10 Enterprise,19042
ENGRLTG35YD3,Windows 10 Enterprise,19044
ENGRLTG6YP72,Windows 10 Enterprise,19042
ENGRLTG8PN12,Windows 10 Enterprise,19041
ENGRLTGBGBK3,Windows 10 Enterprise,19044
ENGRLTGK81X2,Windows 10 Enterprise,19042
ENGRLTGR5QV2,Windows 10 Enterprise,19041
ENGRLTGTQQGC2,Windows 10 Enterprise,19044
ENGRLTGVYDXD3,Windows 10 Enterprise,19042
ENGRLTGZK0XD3,Windows 10 Enterprise,19043
ENGRLTH033R73,Windows 10 Enterprise,19044
ENGRLTH21WP12,Windows 10 Enterprise,19042
ENGRLTH7P3J3,Windows 10 Enterprise,19044
ENGRLTH8ZZ53,Windows 10 Enterprise,19043
ENGRLTHDB76D3,Windows 10 Enterprise,19042
ENGRLTHDFST2,Windows 10 Enterprise,19044
ENGRLTHHCZ4M3,Windows 10 Enterprise,19042
ENGRLTHJXH7G3,Windows 10 Enterprise,19044
ENGRLTHQ56Q13,Windows 10 Enterprise,19042
ENGRLTHRMCS73,Windows 10 Enterprise,19044
ENGRLTHSWDFB3,Windows 10 Enterprise,19044
ENGRLTHT0KGB3,Windows 10 Enterprise,19042
ENGRLTHT5FWF2,Windows 10 Enterprise,19041
ENGRLTHW7YT2,Windows 10 Enterprise,19042
ENGRLTHYT3XW1,Windows 10 Enterprise,19042
ENGRLTJ14063,Windows 10 Enterprise,19044
ENGRLTJ1P05H2,Windows 10 Enterprise,19041
ENGRLTJ77GB3,Windows 10 Enterprise,19042
ENGRLTJ7BST2,Windows 10 Enterprise,19043
ENGRLTJ7LQ6H2,Windows 10 Enterprise,19042
ENGRLTJ7MXDB3,Windows 10 Enterprise,19044
ENGRLTJ98HNV2,Windows 10 Enterprise,19044
ENGRLTJFNM8H2,Windows 10 Enterprise,19044
ENGRLTJGM5R73,Windows 10 Enterprise,19042
ENGRLTJGN9L13,Windows 10 Enterprise,19044
ENGRLTJHLW8C3,Windows 10 Enterprise,19042
ENGRLTJRQXL33,Windows 10 Enterprise,19044
ENGRLTJX0M33,Windows 10 Enterprise,18363
ENGRLTJXTXY2,Windows 10 Enterprise,19041
ENGRLTK08F72,Windows 10 Enterprise,19044
ENGRLTK1R693,Windows 10 Enterprise,19042
ENGRLTK6ZQN2,Windows 10 Enterprise,19043
ENGRLTKHP3Z2,Windows 10 Enterprise,19041
ENGRLTKLRMV2,Windows 10 Enterprise,19043
ENGRLTKT3DK3,Windows 10 Enterprise,19042
ENGRLTL4VXY2,Windows 10 Enterprise,19041
ENGRLTL86N12,Windows 10 Enterprise,19042
ENGRLTL8ZZ53,Windows 10 Enterprise,19042
ENGRLTLBGBK3,Windows 10 Enterprise,19043
ENGRLTLK8P72,Windows 10 Enterprise,19044
ENGRLTLY3M33,Windows 10 Enterprise,19044
ENGRLTM01593,Windows 10 Enterprise,22000
ENGRLTM2BGS1,Windows 10 Enterprise,19044
ENGRLTM7BST2,Windows 10 Enterprise,19043
ENGRLTMB1593,Windows 10 Enterprise,19044
ENGRLTND28Y2,Windows 10 Enterprise,19042
ENGRLTND8XD3,Windows 10 Enterprise,19044
ENGRLTP01593,Windows 10 Enterprise,19042
ENGRLTP9ZL33,Windows 10 Enterprise,19042
ENGRLTPMBXD3,Windows 10 Enterprise,19042
ENGRLTQ2C9Y2,Windows 10 Enterprise,19044
ENGRLTQS1DK3,Windows 10 Enterprise,19042
ENGRLTQV29K3,Windows 10 Enterprise,19042
ENGRLTQVDM33,Windows 10 Enterprise,19044
ENGRLTR03593,Windows 10 Enterprise,19044
ENGRLTR4B3J3,Windows 10 Enterprise,19043
ENGRLTR6C2R2,Windows 10 Enterprise,19044
ENGRLTR7BST2,Windows 10 Enterprise,19041
ENGRLTRC5YD3,Windows 10 Enterprise,19043
ENGRLTRF09Y2,Windows 10 Enterprise,19042
ENGRLTRNJBK3,Windows 10 Enterprise,19042
ENGRLTRT0593,Windows 10 Enterprise,19042
ENGRLTRVW3M2,Windows 10 Enterprise,19044
ENGRLTRW2M33,Windows 10 Enterprise,22000
ENGRLTSB1593,Windows 10 Enterprise,19044
ENGRLTST0593,Windows 10 Enterprise,19042
ENGRLTST9XD3,Windows 10 Enterprise,19042
ENGRLTT33063,Windows 10 Enterprise,19044
ENGRLTTNLL63,Windows 10 Enterprise,18363
ENGRLTTRPRQ2,Windows 10 Enterprise,19044
ENGRLTVGML63,Windows 10 Enterprise,19042
ENGRLTW0BLC2,Windows 10 Enterprise,19043
ENGRLTW5NR72,Windows 10 Enterprise,19043
ENGRLTW84593,Windows 10 Enterprise,19042
ENGRLTWGML63,Windows 10 Enterprise,19042
ENGRLTWHGBK3,Windows 10 Enterprise,19043
ENGRLTX77733,Windows 10 Enterprise,19044
ENGRLTX94BC3,Windows 10 Enterprise,19042
ENGRLTXSHFG3,Windows 10 Enterprise,19044
ENGRLTY1M6J3,Windows 10 Enterprise,19043
ENGRLTYDP3J3,Windows 10 Enterprise,19044
ENGRLTYJKHC2,Windows 10 Enterprise,19044
ENGRLTYM9XD3,Windows 10 Enterprise,19044
ENGRLTYMNR32,Windows 10 Enterprise,19044
ENGRLTYXP3J3,Windows 10 Enterprise,19043
ENGRLTZ77733,Windows 10 Enterprise,19043
ENGRLTZ7CVD2,Windows 10 Enterprise,19042
ENGRLTZBTXY2,Windows 10 Enterprise,19044
ENGRLTZC2M33,Windows 10 Enterprise,19041
ENGRLTZFDMDC2,Windows 10 Enterprise,19042
ENGRLTZGS3Z2,Windows 10 Enterprise,19041
ENGRLTZRPRQ2,Windows 10 Enterprise,19041
ENGRLTZW9XD3,Windows 10 Enterprise,19042
ENGRLTZWP6J3,Windows 10 Enterprise,19044
ENGRWK22CM053,Windows 10 Enterprise,19041
ENGRWK22G2PK3,Windows 10 Enterprise,19042
ENGRWK2BT903,Windows 10 Enterprise,19041
ENGRWK2C2B03,Windows 10 Enterprise,19044
ENGRWK2FZ903,Windows 10 Enterprise,19044
ENGRWK2GY903,Windows 10 Enterprise,19044
ENGRWK2HS9HX1,Windows 10 Enterprise,19042
ENGRWK2HTRG13,Windows 10 Enterprise,19041
ENGRWK2HVB613,Windows 10 Enterprise,19041
ENGRWK2JZ903,Windows 10 Enterprise,19044
ENGRWK2K0B03,Windows 10 Enterprise,18362
ENGRWK2YMH13,Windows 10 Enterprise,19042
ENGRWK33MH13,Windows 10 Enterprise,19042
ENGRWK3HDQD2,Windows 10 Enterprise,19044
ENGRWK3JHMF2,Windows 10 Enterprise,19041
ENGRWK3JHS13,Windows 10 Enterprise,19044
ENGRWK3MQ082,Windows 10 Enterprise,19044
ENGRWK46LFX2,Windows 10 Enterprise,19044
ENGRWK48YG8R2,Windows 10 Enterprise,17134
ENGRWK4HS903,Windows 10 Enterprise,19044
ENGRWK4MB2PK3,Windows 10 Enterprise,19042
ENGRWK4N6GB2,Windows 10 Enterprise,19042
ENGRWK4NKH13,Windows 10 Enterprise,19044
ENGRWK52G2PK3,Windows 10 Enterprise,19043
ENGRWK5LNH13,Windows 10 Enterprise,19042
ENGRWK5QMP842,Windows 10 Enterprise,19044
ENGRWK5RP9T2,Windows 10 Enterprise,19043
ENGRWK5ZW3H03,Windows 10 Enterprise,19044
ENGRWK63VDHB2,Windows 10 Enterprise,19044
ENGRWK6F4H02,Windows 10 Enterprise,19041
ENGRWK6LB2PK3,Windows 10 Enterprise,19042
ENGRWK708KS13,Windows 10 Enterprise,19044
ENGRWK708NS13,Windows 10 Enterprise,19044
ENGRWK70G2PK3,Windows 10 Enterprise,19042
ENGRWK73KF9Z1,Windows 10 Enterprise,19044
ENGRWK794R7M2,Windows 10 Enterprise,19041
ENGRWK7B3JC42,Windows 10 Enterprise,19044
ENGRWK86T903,Windows 10 Enterprise,19044
ENGRWK87DJB2,Windows 10 Enterprise,17763
ENGRWK8B28X2,Windows 10 Enterprise,19042
ENGRWK8B6482,Windows 10 Enterprise,19044
ENGRWK8DW903,Windows 10 Enterprise,19042
ENGRWK8G7KQ2,Windows 10 Enterprise,18362
ENGRWK8TFKHQ2,Windows 10 Enterprise,19044
ENGRWK8V1FX2,Windows 10 Enterprise,19041
ENGRWK8WWDX2,Windows 10 Enterprise,18362
ENGRWK8WYDX2,Windows 10 Enterprise,19041
ENGRWK92QD42,Windows 10 Enterprise,19041
ENGRWK9G7DD2,Windows 10 Enterprise,19044
ENGRWKBF89HB2,Windows 10 Enterprise,19042
ENGRWKBFIJHB2,Windows 10 Enterprise,19042
ENGRWKBJ2FX2,Windows 10 Enterprise,19044
ENGRWKBK0FX2,Windows 10 Pro,19044
ENGRWKBM5VBM2,Windows 10 Enterprise,19044
ENGRWKBQ7J1S2,Windows 10 Enterprise,19044
ENGRWKBTWDX2,Windows 10 Enterprise,19044
ENGRWKC4B1T12,Windows 10 Enterprise,19044
ENGRWKCCN3W2,Windows 10 Enterprise,19042
ENGRWKCCVYKH2,Windows 10 Enterprise,19044
ENGRWKCCYXKH2,Windows 10 Enterprise,18363
ENGRWKCCYYKH2,Windows 10 Enterprise,19044
ENGRWKCCZ2LH2,Windows 10 Enterprise,19041
ENGRWKCCZ3LH2,Windows 10 Enterprise,19044
ENGRWKCLL3W2,Windows 10 Enterprise,19041
ENGRWKCSL3W2,Windows 10 Enterprise,19044
ENGRWKCYWKH2,Windows 10 Enterprise,19043
ENGRWKFF2V2L3,Windows 10 Enterprise,19042
ENGRWKG37PS1,Windows 10 Enterprise,19044
ENGRWKG722CZ1,Windows 10 Enterprise,19044
ENGRWKG860FX2,Windows 10 Enterprise,19044
ENGRWKG8S1FX2,Windows 10 Enterprise,19041
ENGRWKG8TZDX2,Windows 10 Enterprise,19042
ENGRWKG8V2FX2,Windows 10 Enterprise,18363
ENGRWKGKB7X2,Windows 10 Enterprise,19041
ENGRWKGMFKD3,Windows 10 Enterprise,19043
ENGRWKH4FGB2,Windows 10 Enterprise,19044
ENGRWKH5B7X2,Windows 10 Enterprise,19044
ENGRWKH7FHQ2,Windows 10 Enterprise,17134
ENGRWKHHPLDX1,Windows 10 Enterprise,19043
ENGRWKHPNDX1,Windows 10 Enterprise,19043
ENGRWKHS97X2,Windows 10 Enterprise,19041
ENGRWKHT97X2,Windows 10 Enterprise,19044
ENGRWKHZJZL02,Windows 10 Enterprise,19042
ENGRWKJ177X2,Windows 10 Enterprise,19044
ENGRWKJ8M7KQ2,Windows 10 Enterprise,19042
ENGRWKJBXMD2,Windows 10 Enterprise,19042
ENGRWKJG77X2,Windows 10 Enterprise,19044
ENGRWKJVDNC43,Windows 10 Enterprise,19044
ENGRWKJWC2BZ1,Windows 10 Pro,19042
ENGRWKK3P9T2,Windows 10 Enterprise,19044
ENGRWKK6R9T2,Windows 10 Enterprise,19041
ENGRWKK7V9T2,Windows 10 Enterprise,19042
ENGRWKKFP9T2,Windows 10 Enterprise,19044
ENGRWKM1M513,Windows 10 Enterprise,19043
ENGRWKMNHF42,Windows 10 Enterprise,19044
ENGRWKNCDRD2,Windows 10 Enterprise,19042
ENGRWKPQYDB2,Windows 10 Enterprise,19042
ENGRWKQD7PF3,Windows 10 Enterprise,19044
ENGRWKQQC8Y1,Windows 10 Enterprise,19044
ENGRWKVQ8F42,Windows 10 Enterprise,19044
ENGRWKWMPY12,Windows 10 Enterprise,19044
ENGRWKWSTQG2,Windows 10 Enterprise,19044
ENGRWKXWX9Z1,Windows 10 Enterprise,19041
ENGRWKZ8F3W2,Windows 10 Enterprise,19041
HRC3PNC42,Windows 10 Enterprise,19042
HRCLWR1C2,Windows 10 Enterprise,19044
HRFS001,Windows Server 2012 R2 Standard,9600
HRFS002,Windows Server 2019 Standard,17763
HRLT215457,Windows 10 Pro,19042
HRLT2846016,Windows 10 Pro,19043
HRLT2TK2Z93,Windows 10 Home,19042
HRLT3X0GW93,Windows 10 Home,19042
HRLT401PQG3,Windows 11,22000
HRLT5CD018VFP,Windows 10 Pro,19044
HRLT66G4063,Windows 10 Pro,19041
HRLT7FNZCL3,Windows 10 Pro,19042
HRLT7GR15S2,Windows 10 Pro,19044
HRLT82XH2H2,Windows 10 Pro,19043
HRLT8SCP0Z2,Windows 10 Enterprise,19042
HRLT9PPTP93,Windows 10 Pro,19042
HRLTB1V38C3,Windows 10 Pro,19042
HRLTCGHBMG3,Windows 10 Pro,19042
HRLTCZG1242,Windows 10 Enterprise,19044
HRLTD01758FD,Windows 10 Home,19042
HRLTDQTK4H2,Windows 10 Pro,19043
HRLTDSTX842,Windows 10 Pro,19043
HRLTFBB5R93,Windows 10 Pro,22000
HRLTG68RZ93,Windows 10 Pro,19042
HRLTG6Y69Y2,Windows 10 Pro,19043
HRLTGCQ84M2,Windows 10 Enterprise,19043
HRLTGMFJN12,Windows 10 Enterprise,19042
HRLTH02XP73,Windows 10 Pro,22000
HRLTIFL56GU,Windows 10 Home,19043
HRLTJ0STP93,Windows 10 Pro,19042
HRLTJNK2Z93,Windows 10 Enterprise,19042
HRLTMRQC9390,Windows 10 Pro,22000
HRLTPF203134,Windows 10 Pro,19041
HRLW30KPC42,Windows 10 Enterprise,19044
HRLWC3LNC42,Windows 10 Enterprise,19044
HRLWC3NNC42,Windows 10 Enterprise,19044
HRLWINST,Windows 10 Enterprise,19044
HRLWR1C1,Windows 10 Enterprise,19044
HRLWR1C1,Windows 10 Enterprise,19043
HRLWR1C3,Windows 10 Enterprise,19044
HRLWR1C4,Windows 10 Enterprise,19044
HRLWR1C5,Windows 10 Enterprise,19044
HRLWR1C6,Windows 10 Enterprise,19044
HRLWR1C7,Windows 10 Enterprise,19044
HRLWR2C1,Windows 10 Enterprise,19044
HRLWR2C2,Windows 10 Enterprise,19044
HRLWR2C3,Windows 10 Enterprise,19044
HRLWR2C4,Windows 10 Enterprise,19044
HRLWR2C5,Windows 10 Enterprise,19044
HRLWR2C6,Windows 10 Enterprise,19044
HRLWR2C7,Windows 10 Enterprise,19044
HRLWR3C1,Windows 10 Enterprise,19044
HRLWR3C2,Windows 10 Enterprise,19044
HRLWR3C3,Windows 10 Enterprise,19044
HRLWR3C4,Windows 10 Enterprise,19044
HRLWR3C5,Windows 10 Enterprise,19044
HRLWR3C7,Windows 10 Enterprise,19044
HRLWR4C1,Windows 10 Enterprise,19044
HRLWR4C2,Windows 10 Enterprise,19044
HRLWR4C3,Windows 10 Enterprise,19044
HRLWR4C4,Windows 10 Enterprise,19043
HRLWR4C5,Windows 10 Enterprise,19044
HRLWR4C6,Windows 10 Enterprise,19044
HRLWR4C7,Windows 10 Enterprise,19044
HRPCGD801S2,Windows 10 Pro,19044
HRWK021724,Windows 10 Enterprise,19044
HRWK17679T2,Windows 10 Pro,19043
HRWK17679T2,Windows 10 Enterprise,19044
HRWK215468,Windows 10 Enterprise,19042
HRWK26WCMR2,Windows 10 Pro,19043
HRWK28VBCP2,Windows 10 Enterprise,19042
HRWK2BWR942,Windows 10 Enterprise,19043
HRWK2Y7HDW2,Windows 10 Pro,19042
HRWK402JS13,Windows 10 Enterprise,19042
HRWK42C6CX1,Windows 10 Pro,19043
HRWK503RCP2,Windows 10 Enterprise,19042
HRWK50GLCS2,Windows 10 Pro,19043
HRWK62L61M3,Windows 10 Pro,19042
HRWK6Q3VCV2,Windows 10 Pro,19042
HRWK6SWQZC3,Windows 10 Enterprise,19042
HRWK71NP903,Windows 10 Pro for Workstations,19044
HRWK7DTJKH2,Windows 10 Enterprise,19042
HRWK839WBZ1,Windows 10 Enterprise,19044
HRWK853CM02,Windows 10 Enterprise,19044
HRWK8568M02,Windows 10 Enterprise,19042
HRWK85BBM02,Windows 10 Enterprise,19042
HRWK85H9M02,Windows 10 Enterprise,19044
HRWK85LBMC2,Windows 10 Enterprise,18363
HRWK8CRFZ2,Windows 10 Enterprise,18363
HRWK8YKD1S2,Windows 10 Pro,19043
HRWK99QL8BC,Windows 10 Pro,19042
HRWK9GTD3W2,Windows 10 Pro,19043
HRWK9GTD3W2,Windows 10 Pro,19042
HRWK9KP6XMQ,Windows 10 Enterprise,19041
HRWK9KP7XM2,Windows 10 Enterprise,19042
HRWK9MJWBH2,Windows 10 Pro,19043
HRWK9WJF-Q2,Windows 11,22000
HRWK9WJF0Q2,Windows 10 Enterprise,19043
HRWKC3JSC42,Windows 10 Enterprise,19043
HRWKC3JVC42,Windows 10 Enterprise,19041
HRWKC3KNC42,Windows 10 Enterprise,19044
HRWKC3KPC42,Windows 10 Enterprise,19041
HRWKC3KPC42,Windows 10 Enterprise,19042
HRWKC3KSC42,Windows 10 Enterprise,19043
HRWKC3LQC42,Windows 10 Enterprise,19042
HRWKC3MTC42,Windows 10 Enterprise,19042
HRWKC40K9Z2,Windows 10 Pro,19043
HRWKCV6DN22,Windows 10 Enterprise,19042
HRWKCVC3GK2,Windows 10 Home,19043
HRWKD7WNV12,Windows 10 Enterprise,19042
HRWKD9GW0S2,Windows 10 Pro,19043
HRWKDJWXBM2,Windows 10 Enterprise,19044
HRWKDQ32RZ2,Windows 10 Pro,19043
HRWKDQHNM02,Windows 10 Pro,19043
HRWKDQKGM02,Windows 10 Pro,19044
HRWKF65JQ53,Windows 10 Enterprise,19041
HRWKF65JSQ53,Windows 10 Enterprise,19041
HRWKF8WM9Y1,Windows 10 Enterprise,18363
HRWKFG2GHL2,Windows 10 Pro,19044
HRWKGCLHPY2,Windows 10 Enterprise,19042
HRWKGD801S2,Windows 10 Enterprise,19042
HRWKGPQFZ12,Windows 10 Enterprise,19041
HRWKGVZM0Q2,Windows 10 Enterprise,19042
HRWKGX0XPD2,Windows 10 Pro,19043
HRWKH58SFK2,Windows 10 Pro,19043
HRWKHGLJMR2,Windows 10 Enterprise,19042
HRWKHZCTMN2,Windows 10 Enterprise,19041
HRWKHZCVMN2,Windows 10 Enterprise,19044
HRWKHZCWMN2,Windows 10 Enterprise,19043
HRWKHZCXMN2,Windows 10 Enterprise,19041
HRWKJ7GRD42,Windows 10 Enterprise,19041
HRWKJ7LMD42,Windows 10 Enterprise,19042
HRWKJ7Q4CH2,Windows 10 Enterprise,19042
HRWKJB2WY12,Windows 10 Enterprise,19041
HRWKJDTJKH2,Windows 10 Enterprise,19042
HRWKJLF6PX2,Windows 10 Pro,19041
ITAP003V,Windows Server 2016 Datacenter,14393
ITAP004V,Windows Server 2012 R2 Datacenter,9600
ITFS101,Windows Server 2012 R2 Datacenter,9600
ITFS102,Windows Server 2012 R2 Datacenter,9600
ITLT011632,Windows 10 Pro,19044
ITLT011644,Windows 10 Pro,19043
ITLT011652,Windows 11,22000
ITLT011661,Windows 10 Pro,19042
ITLT011662,Windows 10 Pro,19042
ITLT011664,Windows 10 Pro,19042
ITLT011666,Windows 10 Pro,19044
ITLT011668,Windows 10 Pro,19044
ITLT011671,Windows 10 Pro,19044
ITLT011677,Windows 10 Pro,19044
ITLT015005,Windows 10 Pro,19043
ITLT015011,Windows 10 Pro,19043
ITLT015054,Windows 10 Pro,19043
ITLT016462,Windows 10 Pro,19043
ITLT016463,Windows 10 Pro,19043
ITLT016464,Windows 10 Pro,19043
ITLT016465,Windows 10 Pro,19043
ITLT016466,Windows 10 Pro,19043
ITLT016467,Windows 10 Pro,19043
ITLT016468,Windows 10 Pro,19043
ITLT016469,Windows 10 Pro,19043
ITLT016470,Windows 10 Pro,19043
ITLT016471,Windows 10 Pro,19043
ITLT016472,Windows 10 Pro,19043
ITLT016473,Windows 10 Pro,19043
ITLT016475,Windows 10 Pro,19043
ITLT016476,Windows 10 Pro,19043
ITLT016493,Windows 10 Pro,19043
ITLT016494,Windows 10 Pro,19043
ITLT016495,Windows 10 Pro,19043
ITLT016497,Windows 10 Pro,19043
ITLT016498,Windows 10 Pro,19043
ITLT016499,Windows 10 Pro,19043
ITLT016500,Windows 10 Pro,19043
ITLT016501,Windows 10 Pro,19043
ITLT230707,Windows 10 Pro,19043
ITLT231259,Windows 10 Pro,19043
ITLT232745,Windows 10 Pro,19043
ITLT240615,Windows 10 Enterprise,19042
ITLT240632,Windows 10 Pro,19043
ITLT240638,Windows 10 Enterprise,19042
ITLT246832,Windows 10 Pro,19043
ITLT246942,Windows 10 Pro,19043
ITLT246964,Windows 10 Enterprise,19041
ITWK000377,Windows 10 Enterprise,19041
ITWK000387,Windows 10 Pro,22000
ITWK000395,Windows 10 Enterprise,19043
ITWK200118,Windows 10 Enterprise,19042
ITWK214663,Windows 10 Enterprise,19041
ITWK216666,Windows 10 Enterprise,19044
ITWK219342,Windows 10 Enterprise,19042
ITWK225035,Windows 10 Pro,19042
ITWK230726,Windows 10 Enterprise,19043
ITWK232727,Windows 10 Enterprise,19044
ITWK232736,Windows 10 Pro,19043
ITWK232737,Windows 10 Pro,19044
ITWK232741,Windows 10 Pro,19043
ITWK234959,Windows 10 Pro,19043
ITWK234960,Windows 10 Pro,19043
ITWK234961,Windows 10 Pro,19044
ITWK234962,Windows 10 Pro,19043
ITWK234964,Windows 10 Pro,19043
ITWK234966,Windows 10 Pro,19043
ITWK234967,Windows 10 Pro,19043
ITWK234968,Windows 10 Pro,19044
ITWK237275,Windows 10 Pro,19042
ITWK237276,Windows 10 Enterprise,19044
ITWK237277,Windows 10 Enterprise,19042
ITWK237279,Windows 10 Pro,19043
ITWK237280,Windows 10 Pro,19043
ITWK237308,Windows 10 Enterprise,19043
ITWK237314,Windows 10 Pro,19043
ITWK237314,Windows 10 Pro,19041
ITWK237315,Windows 10 Pro,19042
ITWK237316,Windows 10 Pro,19043
ITWK237317,Windows 10 Pro,19044
ITWK237319,Windows 10 Pro,19042
ITWK237320,Windows 10 Pro,19044
ITWK237321,Windows 10 Pro,19043
ITWK237322,Windows 10 Pro,19044
ITWK237323,Windows 10 Pro,19043
ITWK237324,Windows 10 Pro,19043
ITWK237325,Windows 10 Pro,19043
ITWK237327,Windows 10 Pro,19043
ITWK237328,Windows 10 Pro,19042
ITWK238177,Windows 10 Pro,19042
ITWK238194,Windows 10 Pro,19044
ITWK238203,Windows 10 Pro,19044
ITWK238204,Windows 10 Pro,19043
ITWK238205,Windows 10 Pro,19043
ITWK240634,Windows 10 Pro,19044
ITWK246804,Windows 10 Pro,19043
ITWK250531,Windows 10 Pro,19042
SALESCL131801S,Windows 10 Education,19043
SALESCL131802S,Windows 10 Education,19043
SALESCL131803S,Windows 10 Education,19043
SALESCL131805S,Windows 10 Education,19043
SALESCL131806S,Windows 10 Education,19043
SALESCL131807S,Windows 10 Education,19043
SALESCL131808S,Windows 10 Education,19043
SALESCL131809S,Windows 10 Education,19043
SALESCL131810S,Windows 10 Education,19043
SALESCL131811S,Windows 10 Education,19043
SALESCL131812S,Windows 10 Education,19043
SALESCL131813S,Windows 10 Education,19043
SALESCL131814S,Windows 10 Education,19043
SALESCL131815S,Windows 10 Education,19043
SALESCL131816S,Windows 10 Education,19043
SALESCL350501S,Windows 10 Education,19043
SALESCL350502S,Windows 10 Education,19043
SALESCL350503S,Windows 10 Education,19043
SALESCL350504S,Windows 10 Education,19043
SALESCL350505S,Windows 10 Education,19043
SALESCL350506S,Windows 10 Education,19043
SALESCL350507S,Windows 10 Education,19043
SALESCL350508S,Windows 10 Education,19043
SALESCL350509S,Windows 10 Education,19043
SALESCL350510S,Windows 10 Education,19043
SALESCL350511S,Windows 10 Education,19043
SALESCL350512S,Windows 10 Education,19043
SALESCL350513S,Windows 10 Education,19043
SALESCL350514S,Windows 10 Education,19043
SALESCL350515S,Windows 10 Education,19043
SALESCL350516S,Windows 10 Education,19043
SALESCL350517S,Windows 10 Education,19043
SALESCL350518S,Windows 10 Education,19043
SALESCL350519S,Windows 10 Education,19043
SALESCL350520S,Windows 10 Education,19043
SALESCL350521S,Windows 10 Education,19043
SALESCL350522S,Windows 10 Education,19043
SALESCL350523S,Windows 10 Education,19043
SALESCL350524S,Windows 10 Education,19043
SALESCL350525S,Windows 10 Education,19043
SALESCL350526S,Windows 10 Education,19043
SALESCL350527S,Windows 10 Education,19043
SALESCL350528S,Windows 10 Education,19043
SALESCL350529S,Windows 10 Education,19043
SALESCL350530S,Windows 10 Education,19043
SALESCL350531S,Windows 10 Education,19043
SALESCL350532S,Windows 10 Education,19043
SALESDB001V,Windows Server 2012 R2 Standard,9600
SALESLK218040,Windows 10 Enterprise,19042
SALESLT007874,Windows 10 Enterprise,19043
SALESLT008951,Windows 10 Enterprise,19042
SALESLT008960,Windows 10 Enterprise,17134
SALESLT012386,Windows 10 Enterprise,19042
SALESLT012387,Windows 10 Enterprise,16299
SALESLT012845,Windows 10 Education,19041
SALESLT012846,Windows 10 Education,19041
SALESLT012897,Windows 10 Education,19043
SALESLT012903,Windows 10 Pro,19043
SALESLT012904,Windows 10 Pro,19042
SALESLT012905,Windows 10 Pro,19042
SALESLT012908,Windows 10 Enterprise,19042
SALESLT012915,Windows 10 Education,19043
SALESLT012921,Windows 10 Education,19043
SALESLT012922,Windows 10 Education,19043
SALESLT012989,Windows 10 Education,19041
SALESLT013000,Windows 10 Education,19041
SALESLT013001,Windows 10 Education,22000
SALESLT013002,Windows 10 Education,19044
SALESLT013015,Windows 10 Enterprise,19042
SALESLT013016,Windows 10 Enterprise,18363
SALESLT013017,Windows 10 Education,19041
SALESLT013019,Windows 10 Education,19043
SALESLT013020,Windows 10 Education,19041
SALESLT013807,Windows 10 Education,19042
SALESLT013810,Windows 10 Enterprise,19042
SALESLT015536,Windows 10 Enterprise,19043
SALESLT015565,Windows 10 Education,19044
SALESLT015567,Windows 10 Education,19043
SALESLT015568,Windows 10 Education,19043
SALESLT015575,Windows 10 Education,19044
SALESLT015595,Windows 10 Enterprise,22000
SALESLT015596,Windows 10 Enterprise,19042
SALESLT015602,Windows 10 Enterprise,19042
SALESLT015603,Windows 10 Enterprise,19042
SALESLT016461,Windows 10 Enterprise,18363
SALESLT016528,Windows 10 Enterprise,18363
SALESLT017781,Windows 10 Enterprise,19043
SALESLT123456,Windows 10 Enterprise,19042
SALESLT193260,Windows 10 Enterprise,19041
SALESLT207596,Windows 10 Enterprise,19042
SALESLT212662,Windows 10 Enterprise,19042
SALESLT218040,Windows 10 Education,19043
SALESLT220474,Windows 10 Enterprise,18363
SALESLT221996,Windows 10 Enterprise,19043
SALESLT226914,Windows 10 Enterprise,19042
SALESLT226917,Windows 10 Enterprise,19042
SALESLT226981,Windows 10 Education,19042
SALESLT226982,Windows 10 Enterprise,18363
SALESLT227173,Windows 10 Enterprise,19043
SALESLT227190,Windows 10 Enterprise,19042
SALESLT227212,Windows 10 Enterprise,19042
SALESLT229571,Windows 10 Enterprise,19044
SALESLT229571a,Windows 10 Enterprise,19044
SALESLT229583,Windows 10 Enterprise,19044
SALESLT229609,Windows 10 Enterprise,19042
SALESLT229614,Windows 10 Education,19043
SALESLT229671,Windows 10 Enterprise,19041
SALESLT229677,Windows 10 Enterprise,19041
SALESLT230193,Windows 10 Enterprise,19042
SALESLT230210,Windows 10 Enterprise,19043
SALESLT230210,Windows 10 Enterprise,19042
SALESLT230213,Windows 10 Enterprise,19042
SALESLT230215,Windows 10 Enterprise,19044
SALESLT230258,Windows 10 Education,19042
SALESLT230263,Windows 10 Enterprise,19042
SALESLT230490,Windows 10 Pro,19042
SALESLT230491,Windows 10 Enterprise,18363
SALESLT230492,Windows 10 Education,19044
SALESLT230505,Windows 10 Enterprise,19043
SALESLT230506,Windows 10 Enterprise,19042
SALESLT230512,Windows 10 Education,19043
SALESLT230540,Windows 10 Education,19043
SALESLT230550,Windows 10 Enterprise,19043
SALESLT230560,Windows 10 Enterprise,19042
SALESLT233490,Windows 10 Enterprise,19043
SALESLT233493,Windows 10 Enterprise,19042
SALESLT233503,Windows 10 Enterprise,19043
SALESLT233504,Windows 10 Enterprise,19042
SALESLT233538A,Windows 10 Pro,19042
SALESLT233544,Windows 10 Enterprise,19042
SALESLT235739,Windows 10 Enterprise,19042
SALESLT235740,Windows 10 Enterprise,19042
SALESlt235747,Windows 10 Enterprise,19042
SALESLT235758,Windows 10 Enterprise,19042
SALESLT235772,Windows 10 Enterprise,19043
SALESLT235783,Windows 10 Education,19041
SALESLT235784,Windows 10 Education,19043
SALESlt235788,Windows 10 Enterprise,19042
SALESLT235793,Windows 10 Education,19043
SALESlt235794,Windows 10 Enterprise,17134
SALESLT235795,Windows 10 Enterprise,17134
SALESLT235796,Windows 10 Enterprise,19042
SALESLT235797,Windows 10 Enterprise,17134
SALESLT235805,Windows 10 Education,19043
SALESLT235810,Windows 10 Enterprise,19042
SALESLT235817,Windows 10 Enterprise,19044
SALESLT235818,Windows 10 Enterprise,19043
SALESLT235820,Windows 10 Enterprise,19043
SALESlt235823,Windows 10 Enterprise,19042
SALESLT235854,Windows 10 Enterprise,19042
SALESLT235855,Windows 10 Enterprise,19042
SALESLT235866,Windows 10 Enterprise,19042
SALESLT235871,Windows 10 Enterprise,19043
SALESLT235882,Windows 10 Enterprise,19042
SALESLT235883,Windows 10 Enterprise,19042
SALESLT235939,Windows 10 Enterprise,19041
SALESLT235953,Windows 10 Enterprise,19042
SALESLT235956,Windows 10 Enterprise,19042
SALESLT235960,Windows 10 Enterprise,19042
SALESLT235964,Windows 10 Enterprise,19043
SALESLT235969,Windows 10 Enterprise,19043
SALESLT235974,Windows 10 Enterprise,19042
SALESLT235977,Windows 10 Enterprise,19042
SALESLT235980,Windows 10 Enterprise,19042
SALESLT236002,Windows 10 Enterprise,19043
SALESLT236005,Windows 10 Education,19043
SALESLT236012,Windows 10 Education,19041
SALESLT236017,Windows 10 Education,19041
SALESLT236033,Windows 10 Enterprise,19042
SALESLT236039,Windows 10 Education,19042
SALESLT236040,Windows 10 Education,19041
SALESLT236041,Windows 10 Education,19041
SALESLT236043,Windows 10 Enterprise,22000
SALESLT236046,Windows 10 Education,19041
SALESLT236047,Windows 10 Education,19041
SALESLT236048,Windows 10 Education,19041
SALESLT236049,Windows 10 Enterprise,19043
SALESLT236050,Windows 10 Enterprise,19042
SALESLT236051,Windows 10 Pro,19042
SALESLT236055,Windows 10 Enterprise,19044
SALESLT236055,Windows 10 Education,19043
SALESLT236059,Windows 10 Education,19041
SALESLT236098,Windows 10 Enterprise,19042
SALESLT236104,Windows 10 Enterprise,19042
SALESLT236108,Windows 10 Enterprise,19042
SALESLT236112,Windows 10 Education,19043
SALESLT238383,Windows 10 Enterprise,19042
SALESLT242520,Windows 10 Enterprise,17134
SALESLT242537,Windows 10 Education,19041
SALESLT242606,Windows 10 Enterprise,19042
SALESLT242611,Windows 10 Education,22000
SALESLT242612,Windows 10 Education,19043
SALESLT242622,Windows 10 Education,19041
SALESLT246448,Windows 10 Enterprise,19042
SALESLT246458,Windows 10 Enterprise,19043
SALESLT246464,Windows 10 Enterprise,19042
SALESLT247133,Windows 10 Enterprise,19042
SALESLT247135,Windows 10 Enterprise,19042
SALESLT247138,Windows 10 Enterprise,19042
SALESLT247145,Windows 10 Enterprise,19042
SALESLT247147,Windows 10 Enterprise,19042
SALESLT247149,Windows 10 Enterprise,19042
SALESLT247151,Windows 10 Pro,19042
SALESLT247165,Windows 10 Enterprise,19042
SALESLT247176,Windows 10 Enterprise,19042
SALESLT247179,Windows 10 Enterprise,19042
SALESLT247184,Windows 10 Enterprise,19042
SALESLT247194,Windows 10 Pro,19042
SALESLT247195,Windows 10 Enterprise,19042
SALESLT247196,Windows 10 Enterprise,19042
SALESLT247214,Windows 10 Enterprise,19042
SALESLT247216,Windows 10 Enterprise,19043
SALESLT247217,Windows 10 Education,22000
SALESLT247218,Windows 10 Enterprise,19042
SALESLT247226,Windows 10 Enterprise,19043
SALESLT247227,Windows 10 Enterprise,19042
SALESLT247231,Windows 10 Enterprise,19042
SALESLT247232,Windows 10 Enterprise,19044
SALESLT247239,Windows 10 Enterprise,19042
SALESLT247240,Windows 10 Education,19044
SALESLT247240,Windows 10 Enterprise,19042
SALESLT247241,Windows 10 Enterprise,19042
SALESLT247241,Windows 10 Enterprise,19044
SALESLT247247,Windows 10 Education,19041
SALESLT247253,Windows 10 Enterprise,19042
SALESLT247261,Windows 10 Enterprise,19042
SALESLT247270,Windows 10 Enterprise,19044
SALESLT247270,Windows 10 Enterprise,19042
SALESLT247272,Windows 10 Enterprise,19042
SALESLT247274,Windows 10 Enterprise,19043
SALESLT247279,Windows 10 Enterprise,19042
SALESLT247286,Windows 10 Enterprise,19044
SALESLT248200,Windows 10 Pro,19042
SALESLT248201,Windows 10 Pro,19042
SALESLT249774,Windows 10 Enterprise,19042
SALESLT258081,Windows 11,22000
SALESLT258083,Windows 10 Enterprise,19043
SALESLT258085,Windows 10 Enterprise,19043
SALESLT258085,Windows 10 Enterprise,19044
SALESLTTL015574,Windows 10 Education,19044
SALESLWBLBA01M,Windows 10 Education,19043
SALESLWBLDC001M,Windows 10 Education,19043
SALESLWBLDC002M,Windows 10 Education,19043
SALESLWCF1326M,Windows 10 Education,19043
SALESLWCF2333M,Windows 10 Education,19043
SALESLWCF2570PM,Windows 10 Education,19043
SALESLWCF3332M,Windows 10 Education,19043
SALESLWCF3570M,Windows 10 Education,19043
SALESLWCF4335M,Windows 10 Education,19043
SALESLWCF4534M,Windows 10 Education,19043
SALESLWCF4535M,Windows 10 Education,19043
SALESLWCL220301M,Windows 10 Education,19043
SALESLWCL220302M,Windows 10 Education,19043
SALESLWCL220303M,Windows 10 Education,19043
SALESLWCL220304M,Windows 10 Education,19043
SALESLWCL220305M,Windows 10 Education,19043
SALESLWCL220306M,Windows 10 Education,19043
SALESLWCL220307M,Windows 10 Education,19043
SALESLWCL220308M,Windows 10 Education,19043
SALESLWCL220309M,Windows 10 Education,19043
SALESLWCL220310M,Windows 10 Education,19043
SALESLWCL220311M,Windows 10 Education,19043
SALESLWCL220312M,Windows 10 Education,19043
SALESLWCL220313M,Windows 10 Education,19043
SALESLWCL220314M,Windows 10 Education,19043
SALESLWCL220315M,Windows 10 Education,19043
SALESLWCL220316M,Windows 10 Education,19043
SALESLWCL220317M,Windows 10 Education,19043
SALESLWCL220318M,Windows 10 Education,19043
SALESLWCL220319M,Windows 10 Education,19043
SALESLWCL220320M,Windows 10 Education,19043
SALESLWCL220321M,Windows 10 Education,19043
SALESLWCL220322M,Windows 10 Education,19043
SALESLWCL220323M,Windows 10 Education,19043
SALESLWCL220324M,Windows 10 Education,19043
SALESLWCL220325M,Windows 10 Education,19043
SALESLWCL220326M,Windows 10 Education,19043
SALESLWCL220327M,Windows 10 Education,19043
SALESLWCL220328M,Windows 10 Education,19043
SALESLWCL220329M,Windows 10 Education,19043
SALESLWCL220330M,Windows 10 Education,19043
SALESLWCL220331M,Windows 10 Education,19043
SALESLWCL220332M,Windows 10 Education,19043
SALESLWCL220333M,Windows 10 Education,19043
SALESLWCL220335M,Windows 10 Education,19043
SALESLWCL220336M,Windows 10 Education,19043
SALESLWCL220337M,Windows 10 Education,19043
SALESLWCL220338M,Windows 10 Education,19043
SALESLWCL220339M,Windows 10 Education,19043
SALESLWCL220340M,Windows 10 Education,19043
SALESLWCL220342M,Windows 10 Education,19043
SALESLWCL220343M,Windows 10 Education,19043
SALESLWCL220344M,Windows 10 Education,19043
SALESLWCL351801M,Windows 10 Education,19043
SALESLWCL351802M,Windows 10 Education,19043
SALESLWCL351803M,Windows 10 Education,19043
SALESLWCL351804M,Windows 10 Education,19043
SALESLWCL351805M,Windows 10 Education,19043
SALESLWCL351806M,Windows 10 Education,19043
SALESLWCL351807M,Windows 10 Education,19043
SALESLWCL351808M,Windows 10 Education,19043
SALESLWCL351809M,Windows 10 Education,19043
SALESLWCL351810M,Windows 10 Education,19043
SALESLWCL351811M,Windows 10 Education,19043
SALESLWCL351812M,Windows 10 Education,19043
SALESLWCL351813M,Windows 10 Education,19043
SALESLWCL351814M,Windows 10 Education,19043
SALESLWCL351815M,Windows 10 Education,19043
SALESLWCL351816M,Windows 10 Education,19043
SALESLWCL351817M,Windows 10 Education,19043
SALESLWCL351818M,Windows 10 Education,19043
SALESLWCL352201M,Windows 10 Education,19043
SALESLWCL352202M,Windows 10 Education,19043
SALESLWCL352203M,Windows 10 Education,19043
SALESLWCL352204M,Windows 10 Education,19043
SALESLWCL352205M,Windows 10 Education,19043
SALESLWCL352206M,Windows 10 Education,19043
SALESLWCL352207M,Windows 10 Education,19043
SALESLWCL352208M,Windows 10 Education,19043
SALESLWCL352209M,Windows 10 Education,19043
SALESLWCL352210M,Windows 10 Education,19043
SALESLWCL352211M,Windows 10 Education,19043
SALESLWCL352212M,Windows 10 Education,19043
SALESLWCL352213M,Windows 10 Education,19043
SALESLWCL352214M,Windows 10 Education,19043
SALESLWCL352216M,Windows 10 Education,19043
SALESLWCL352217M,Windows 10 Education,19043
SALESLWCL352218M,Windows 10 Education,19043
SALESLWCL352219M,Windows 10 Education,19043
SALESLWCL352220M,Windows 10 Education,19043
SALESLWCL352221M,Windows 10 Education,19043
SALESLWCL352222M,Windows 10 Education,19043
SALESLWCL352223M,Windows 10 Education,19043
SALESLWCL352224M,Windows 10 Education,19043
SALESLWCL352225M,Windows 10 Education,19043
SALESLWCL352226M,Windows 10 Education,19043
SALESLWIN1202M,Windows 10 Education,19043
SALESLWIN1206M,Windows 10 Education,19043
SALESLWIN1212M,Windows 10 Education,19043
SALESLWIN1303M,Windows 10 Education,19043
SALESLWIN1307M,Windows 10 Education,19043
SALESLWIN1311M,Windows 10 Education,19043
SALESLWIN1314M,Windows 10 Education,19043
SALESLWIN1330M,Windows 10 Education,19043
SALESLWIN1333M,Windows 10 Education,19043
SALESLWIN1335M,Windows 10 Education,19043
SALESLWIN1336M,Windows 10 Education,19043
SALESLWIN1411M,Windows 10 Education,19043
SALESLWIN1412M,Windows 10 Education,19043
SALESLWIN1415M,Windows 10 Education,19043
SALESLWIN1418M,Windows 10 Education,19043
SALESLWIN1505M,Windows 10 Education,19043
SALESLWIN1511M,Windows 10 Education,19043
SALESLWIN1518M,Windows 10 Education,19043
SALESLWIN1520M,Windows 10 Education,19043
SALESLWIN1524M,Windows 10 Education,19043
SALESLWIN1528M,Windows 10 Education,19043
SALESLWIN2203M,Windows 10 Education,19043
SALESLWIN2505M,Windows 10 Education,19043
SALESLWIN2509M,Windows 10 Education,19043
SALESLWIN2511M,Windows 10 Education,19043
SALESLWIN2534M,Windows 10 Education,19043
SALESLWIN3330HM,Windows 10 Education,19043
SALESLWIN3505M,Windows 10 Education,19043
SALESLWIN3518M,Windows 10 Education,19043
SALESLWIN3522M,Windows 10 Education,19043
SALESLWINBA101M,Windows 10 Education,19043
SALESLWINBA102M,Windows 10 Education,19043
SALESLWINBA103M,Windows 10 Education,19043
SALESLWINBA104M,Windows 10 Education,19043
SALESLWINDC01M,Windows 10 Education,19043
SALESLWINDC02M,Windows 10 Education,19043
SALESLWINDC03M,Windows 10 Education,19043
SALESLWINDC04M,Windows 10 Education,19043
SALESLWINDC05M,Windows 10 Education,19043
SALESLWLB131804M,Windows 10 Education,19043
SALESLWLB131817M,Windows 10 Education,19043
SALESLWLB157201M,Windows 10 Education,19043
SALESLWLB157202M,Windows 10 Education,19043
SALESLWLB157203M,Windows 10 Education,19043
SALESLWLB157204M,Windows 10 Education,19043
SALESLWLB157205M,Windows 10 Education,19043
SALESLWLB157206M,Windows 10 Education,19043
SALESLWLB157207M,Windows 10 Education,19043
SALESLWLB157208M,Windows 10 Education,19043
SALESLWLB157209M,Windows 10 Education,19043
SALESLWLB157210M,Windows 10 Education,19043
SALESLWLB157211M,Windows 10 Education,19043
SALESLWLB157212M,Windows 10 Education,19043
SALESLWLB157213M,Windows 10 Education,19043
SALESLWLB157214M,Windows 10 Education,19043
SALESLWLB157215M,Windows 10 Education,19043
SALESLWLB157216M,Windows 10 Education,19043
SALESLWLB157217M,Windows 10 Education,19043
SALESLWLB157218M,Windows 10 Education,19043
SALESLWLB157219M,Windows 10 Education,19043
SALESLWLB157220M,Windows 10 Education,19043
SALESLWLB157221M,Windows 10 Education,19043
SALESLWLB157222M,Windows 10 Education,19043
SALESLWLB157223M,Windows 10 Education,19043
SALESLWLB157224M,Windows 10 Education,19043
SALESLWLB157225M,Windows 10 Education,19043
SALESLWLB157226M,Windows 10 Education,19043
SALESLWLB157227M,Windows 10 Education,19043
SALESLWLB157228M,Windows 10 Education,19043
SALESLWLB157229M,Windows 10 Education,19043
SALESLWLB157230M,Windows 10 Education,19043
SALESLWLB157231M,Windows 10 Education,19043
SALESLWLB157232M,Windows 10 Education,19043
SALESLWLB157233M,Windows 10 Education,19043
SALESLWLB157234M,Windows 10 Education,19043
SALESLWLBBA01M,Windows 10 Education,19043
SALESLWLBBA02M,Windows 10 Education,19043
SALESLWLBBA03M,Windows 10 Education,19043
SALESLWLBBA04M,Windows 10 Education,19043
SALESLWLBDC01M,Windows 10 Education,19043
SALESLWLBDC02M,Windows 10 Education,19043
SALESLWLBDC03M,Windows 10 Education,19043
SALESLWLBDC04M,Windows 10 Education,19043
SALESPS001PV,Windows Server 2012 R2 Standard,9600
SALESwk010012,Windows 10 Enterprise,19043
SALESWK010962,Windows 10 Education,18363
SALESWK012418,Windows 10 Enterprise,19042
SALESWK012891,Windows 10 Education,19043
SALESWK012917,Windows 10 Education,19043
SALESWK012918,Windows 10 Education,19043
SALESWK012919,Windows 10 Education,19044
SALESWK012920,Windows 10 Education,19044
SALESWK015539,Windows 10 Enterprise,19043
SALESWK015550,Windows 10 Education,19044
SALESWK015571,Windows 10 Education,19044
SALESWK015572,Windows 10 Enterprise,19042
SALESWK015576,Windows 10 Enterprise,19042
SALESWK015589,Windows 10 Enterprise,19042
SALESWK015590,Windows 10 Enterprise,19042
SALESWK015591,Windows 10 Enterprise,19042
SALESWK040615V,Windows 10 Enterprise,19042
SALESwk1111v,Windows 10 Enterprise,19042
SALESWK12495,Windows 10 Enterprise,19042
SALESWK16810112V,Windows 10 Education,19044
SALESWK202107FGV,Windows 10 Education,19043
SALESWK203084,Windows 10 Enterprise,19042
SALESWK207658,Windows 10 Enterprise,17134
SALESWK209440,Windows 10 Enterprise,18363
SALESWK212632,Windows 10 Enterprise,19042
SALESWK216045,Windows 10 Enterprise,17134
SALESWK218013,Windows 10 Enterprise,19042
SALESWK218034,Windows 10 Enterprise,19043
SALESWK218041,Windows 10 Enterprise,18363
SALESWK220499,Windows 10 Enterprise,17134
SALESWK221998,Windows 10 Education,19043
SALESWK222015,Windows 10 Enterprise,19041
SALESWK222128,Windows 10 Enterprise,19043
SALESWK222133,Windows 10 Enterprise,19042
SALESWK222159,Windows 10 Education,19041
SALESWK222165,Windows 10 Enterprise,19042
SALESWK222170,Windows 10 Enterprise,18362
SALESWK222174,Windows 10 Enterprise,18363
SALESWK222179A,Windows 10 Enterprise,19042
SALESWK222196,Windows 10 Enterprise,19042
SALESWK222205,Windows 10 Enterprise,19044
SALESWK222217,Windows 10 Education,19042
SALESWK222222,Windows 10 Enterprise,19042
SALESWK222226,Windows 10 Education,19041
SALESWK222227,Windows 10 Enterprise,18362
SALESWK222228,Windows 10 Enterprise,18363
SALESWK224795,Windows 10 Enterprise,19042
SALESWK224809,Windows 10 Enterprise,19042
SALESWK224863,Windows 10 Enterprise,19042
SALESWK224864,Windows 10 Enterprise,19042
SALESWK226970,Windows 10 Enterprise,19043
SALESWK227192,Windows 10 Enterprise,19042
SALESWK229548,Windows 10 Enterprise,19043
SALESWK229551,Windows 10 Enterprise,19044
SALESWK229584,Windows 10 Enterprise,19044
SALESWK229613,Windows 10 Enterprise,19043
SALESWK229672,Windows 10 Enterprise,19042
SALESWK230156,Windows 10 Enterprise,19043
SALESWK230201,Windows 10 Enterprise,19042
SALESWK230202,Windows 10 Enterprise,19043
SALESWK230204,Windows 10 Enterprise,19042
SALESWK230208,Windows 10 Enterprise,19042
SALESWK230222,Windows 10 Education,19041
SALESWK230236,Windows 10 Enterprise,19042
SALESWK230252,Windows 10 Enterprise,17134
SALESWK230261,Windows 10 Enterprise,19042
SALESWK230270,Windows 10 Enterprise,19042
SALESWK230497,Windows 10 Enterprise,19043
SALESWK230529,Windows 10 Enterprise,19043
SALESWK230545,Windows 10 Enterprise,18363
SALESWK230553,Windows 10 Enterprise,18363
SALESWK230559,Windows 10 Pro,19043
SALESWK230559,Windows 10 Education,19043
SALESWK230572,Windows 10 Enterprise,19043
SALESWK230573,Windows 10 Enterprise,19043
SALESWK230578,Windows 10 Enterprise,19042
SALESWK230579,Windows 10 Enterprise,19044
SALESWK230917,Windows 10 Enterprise,19042
SALESWK230918,Windows 10 Enterprise,19044
SALESWK233464,Windows 10 Enterprise,18363
SALESWK233485,Windows 10 Enterprise,17134
SALESWK233543,Windows 10 Enterprise,19042
SALESWK233546,Windows 10 Enterprise,19042
SALESWK233553,Windows 10 Education,19041
SALESWK235724,Windows 10 Enterprise,19042
SALESWK235734,Windows 10 Enterprise,19042
SALESWK235742,Windows 10 Enterprise,19042
SALESWK235743,Windows 10 Enterprise,19042
SALESWK235744,Windows 10 Enterprise,19043
SALESWK235749,Windows 10 Enterprise,19042
SALESWK235774,Windows 10 Enterprise,19042
SALESWK235787,Windows 10 Enterprise,19042
SALESWK235824,Windows 10 Pro,19044
SALESWK235843,Windows 10 Enterprise,19043
SALESWK235843,Windows 10 Enterprise,19042
SALESWK235851,Windows 10 Enterprise,19042
SALESWK235859,Windows 10 Enterprise,17134
SALESWK235867,Windows 10 Enterprise,19042
SALESWK235869,Windows 10 Enterprise,19042
SALESwk235876,Windows 10 Pro,19043
SALESWK235946,Windows 10 Enterprise,19042
SALESWK235951,Windows 10 Enterprise,19042
SALESWK235955A,Windows 10 Education,19043
SALESWK235958,Windows 10 Enterprise,19042
SALESWK235967,Windows 10 Enterprise,19042
SALESWK235967,Windows 10 Enterprise,18363
SALESWK235967M,Windows 10 Enterprise,19042
SALESWK235978,Windows 10 Enterprise,19043
SALESWK236064,Windows 10 Enterprise,19041
SALESWK236067,Windows 10 Enterprise,16299
SALESWK236069,Windows 10 Enterprise,19042
SALESWK242528,Windows 10 Enterprise,19042
SALESWK242535,Windows 10 Enterprise,18363
SALESWK242614,Windows 10 Pro for Workstations,19044
SALESWK242616,Windows 10 Enterprise,19043
SALESWK246449,Windows 10 Enterprise,19043
SALESWK246460,Windows 10 Enterprise,19042
SALESWK246476,Windows 10 Enterprise,19043
SALESwk247144,Windows 10 Enterprise,19042
SALESWK247150,Windows 10 Enterprise,19043
SALESWK247152,Windows 10 Pro,18362
SALESWK247154,Windows 10 Enterprise,19043
SALESWK247178,Windows 10 Enterprise,19042
SALESWK247183,Windows 10 Education,19044
SALESWK247183,Windows 10 Education,19041
SALESWK247200,Windows 10 Enterprise,19042
SALESWK247202,Windows 10 Enterprise,19042
SALESWK247203,Windows 10 Enterprise,19042
SALESWK247205,Windows 10 Enterprise,19042
SALESWK247206,Windows 10 Enterprise,18363
SALESWK247215,Windows 10 Enterprise,19042
SALESWK247219,Windows 10 Enterprise,19042
SALESWK247225,Windows 10 Enterprise,19042
SALESWK247228,Windows 10 Enterprise,19042
SALESWK247242,Windows 10 Enterprise,19042
SALESWK247243,Windows 10 Enterprise,19042
SALESWK247244,Windows 10 Enterprise,18363
SALESWK247245,Windows 10 Enterprise,19042
SALESWK247246,Windows 10 Enterprise,19044
SALESWK247283,Windows 10 Enterprise,19043
SALESWK247288,Windows 10 Pro,19043
SALESWK247289,Windows 10 Enterprise,19042
SALESWK247290,Windows 10 Enterprise,19043
MARKLTADRIAN,Windows 10 Enterprise,19044
MARKLTANKURS,Windows 10 Enterprise,19042
MARKLTBQUINN,Windows 10 Enterprise,19041
MARKLTCUMARU,Windows 10 Enterprise,18363
MARKLTDACHMAN-SOLED,Windows 10 Enterprise,19041
MARKLTDAGE,Windows 10 Enterprise,19044
MARKLTDAGE1,Windows 10 Enterprise,19043
MARKLTDAVIS,Windows 10 Enterprise,19042
MARKLTDLONG123,Windows 10 Enterprise,19042
MARKLTEDNAW,Windows 10 Enterprise,19042
MARKLTEDOTT,Windows 10 Enterprise,19042
MARKLTEIRWIN,Windows 10 Enterprise,19042
MARKLTGMERVILU,Windows 10 Enterprise,19042
MARKLTGONGC,Windows 10 Enterprise,19044
MARKLTGYANP,Windows 10 Enterprise,19042
MARKLTHROBERT1,Windows 10 Enterprise,19042
MARKLTILIADIS,Windows 10 Enterprise,19042
MARKLTJANEWANG,Windows 10 Enterprise,19042
MARKLTJEANRN,Windows 10 Enterprise,19042
MARKLTJGOLDHAR,Windows 10 Enterprise,19042
MARKLTJGOLDS10,Windows 10 Education,18363
MARKLTJRENNER,Windows 10 Enterprise,19042
MARKLTKEDGERTO,Windows 10 Enterprise,19043
MARKLTKIARJ,Windows 10 Enterprise,19042
MARKLTKJRLIU2,Windows 10 Enterprise,19042
MARKLTKLITTLE,Windows 10 Enterprise,19042
MARKLTKWEILAND,Windows 10 Enterprise,19041
MARKLTMARION,Windows 10 Enterprise,19042
MARKLTMCH,Windows 10 Enterprise,18363
MARKLTMDELLOMO,Windows 10 Pro,19044
MARKLTMILCH,Windows 10 Enterprise,19042
MARKLTMPRANGE,Windows 10 Enterprise,19042
MARKLTNEWCOMB2,Windows 10 Enterprise,19043
MARKLTPBRYANT3,Windows 10 Enterprise,19042
MARKLTPECKERAR,Windows 10 Pro,19042
MARKLTPGOVIND5,Windows 10 Pro,19041
MARKLTRDGOMEZ,Windows 10 Enterprise,19042
MARKLTRDGOMEZ1,Windows 10 Enterprise,19042
MARKLTROMERO,Windows 10 Pro,19042
MARKLTSAFAR,Windows 10 Enterprise,19042
MARKLTSTAMETS,Windows 10 Enterprise,19042
MARKLTSTEINA,Windows 10 Pro,19042
MARKLTTRETTER,Windows 10 Enterprise,19042
MARKLTUGLOAN,Windows 10 Enterprise,19042
MARKLTULUKUS,Windows 10 Enterprise,19042
MARKLTXDEAN,Windows 10 Enterprise,19043
MARKLW461-01,Windows 10 Enterprise,19042
MARKLW461-02,Windows 10 Enterprise,19042
MARKLW461-03,Windows 10 Enterprise,19042
MARKLW461-04,Windows 10 Enterprise,19042
MARKLW461-05,Windows 10 Enterprise,19042
MARKLW461-06,Windows 10 Enterprise,19042
MARKLW461-07,Windows 10 Enterprise,19042
MARKLW461-08,Windows 10 Enterprise,19042
MARKLWMESA-02,Windows 10 Enterprise,19042
MARKLWMESA-03,Windows 10 Enterprise,19042
MARKWKABSHIRE,Windows 10 Enterprise,19043
MARKWKAVW1305,Windows 10 Enterprise,19043
MARKWKAVW1309A,Windows 10 Enterprise,19042
MARKWKAVW1309B,Windows 10 Enterprise,19042
MARKWKAVW1309C,Windows 10 Pro,19042
MARKWKAVW1309D,Windows 10 Enterprise,19042
MARKWKAVW1309E,Windows 10 Enterprise,19042
MARKWKAVW1313D,Windows 10 Enterprise,19042
MARKWKAVW1323,Windows 10 Enterprise,19042
MARKWKAVW1325,Windows 10 Enterprise,19042
MARKWKAVW1327,Windows 10 Enterprise,18363
MARKWKAVW1333,Windows 10 Enterprise,19042
MARKWKAVW1337,Windows 10 Enterprise,19042
MARKWKAVW1338A,Windows 10 Enterprise,19042
MARKWKAVW1338B,Windows 10 Enterprise,19042
MARKWKAVW1339,Windows 10 Enterprise,19042
MARKWKAVW1355A,Windows 10 Enterprise,19042
MARKWKAVW1355B,Windows 10 Enterprise,19042
MARKWKAVW1359,Windows 10 Enterprise,19042
MARKWKAVW1365,Windows 10 Enterprise,19042
MARKWKAVW1415,Windows 10 Enterprise,19044
MARKWKAVW1418A,Windows 10 Enterprise,19042
MARKWKAVW1418B,Windows 10 Enterprise,19042
MARKWKAVW1418D,Windows 10 Enterprise,19042
MARKWKAVW1430A,Windows 10 Enterprise,17763
MARKWKAVW1430B,Windows 10 Enterprise,19042
MARKWKAVW1433B,Windows 10 Enterprise,19042
MARKWKAVW2307,Windows 10 Enterprise,19042
MARKWKAVW2320A,Windows 10 Enterprise,19042
MARKWKAVW2320D,Windows 10 Enterprise,19042
MARKWKAVW2320E,Windows 10 Enterprise,19042
MARKWKAVW2320F,Windows 10 Enterprise,19044
MARKWKAVW2320G,Windows 10 Enterprise,19043
MARKWKAVW2320H,Windows 10 Enterprise,19042
MARKWKAVW2325,Windows 10 Enterprise,19042
MARKWKAVW2328,Windows 10 Enterprise,19042
MARKWKAVW2332B,Windows 10 Enterprise,19042
MARKWKAVW2332C,Windows 10 Enterprise,19042
MARKWKAVW2332D,Windows 10 Enterprise,17763
MARKWKAVW2333,Windows 10 Enterprise,19042
MARKWKAVW2335,Windows 10 Enterprise,19042
MARKWKAVW2337,Windows 10 Enterprise,19042
MARKWKAVW2347,Windows 10 Enterprise,19042
MARKWKAVW2349,Windows 10 Enterprise,19042
MARKWKAVW2352,Windows 10 Enterprise,19043
MARKWKAVW2365,Windows 10 Enterprise,19042
MARKWKAVW2367,Windows 10 Enterprise,19042
MARKWKAVW2373,Windows 10 Enterprise,19042
MARKWKAVW2402,Windows 10 Enterprise,19043
MARKWKAVW2405,Windows 10 Enterprise,19042
MARKWKAVW2406,Windows 10 Enterprise,18363
MARKWKAVW2407,Windows 10 Enterprise,19042
MARKWKAVW2409,Windows 10 Enterprise,18363
MARKWKAVW2410A,Windows 10 Enterprise,18363
MARKWKAVW2410B,Windows 10 Enterprise,19042
MARKWKAVW2410C,Windows 10 Enterprise,18363
MARKWKAVW2410D,Windows 10 Enterprise,18363
MARKWKAVW2415A,Windows 10 Enterprise,19042
MARKWKAVW2415B,Windows 10 Enterprise,19042
MARKWKAVW2415C,Windows 10 Enterprise,19042
MARKWKAVW2417,Windows 10 Enterprise,19042
MARKWKAVW2419,Windows 10 Enterprise,19042
MARKWKAVW2421,Windows 10 Enterprise,19042
MARKWKAVW2423,Windows 10 Enterprise,19042
MARKWKAVW2425,Windows 10 Enterprise,19042
MARKWKAVW2426A,Windows 10 Enterprise,19042
MARKWKAVW2427,Windows 10 Enterprise,19042
MARKWKAVW2429,Windows 10 Enterprise,19044
MARKWKAVW2431,Windows 10 Enterprise,19042
MARKWKAVW2433,Windows 10 Enterprise,19042
MARKWKAVW2434A,Windows 10 Enterprise,19042
MARKWKAVW2434B,Windows 10 Enterprise,19042
MARKWKAVW2435,Windows 10 Enterprise,19042
MARKWKAVW2437,Windows 10 Enterprise,19042
MARKWKAVW2439,Windows 10 Enterprise,19042
MARKWKAVW2449,Windows 10 Enterprise,19042
MARKWKAVW2454B,Windows 10 Enterprise,19042
MARKWKAVW2454C,Windows 10 Enterprise,19042
MARKWKAVW2454D,Windows 10 Enterprise,19042
MARKWKAVW2454U,Windows 10 Enterprise,19043
MARKWKAVW2454V,Windows 10 Enterprise,19043
MARKWKAVW2454W,Windows 10 Enterprise,19043
MARKWKAVW2454X,Windows 10 Enterprise,19043
MARKWKAVW2454Y,Windows 10 Enterprise,19043
MARKWKAVW2454Z,Windows 10 Enterprise,19043
MARKWKAVW2457,Windows 10 Enterprise,19042
MARKWKAVW2460A,Windows 10 Enterprise,19042
MARKWKAVW2460B,Windows 10 Enterprise,19042
MARKWKAVW2465,Windows 10 Enterprise,18363
MARKWKAVW2467F,Windows 10 Enterprise,19042
MARKWKAVW3301,Windows 10 Enterprise,19042
MARKWKAVWJESSE,Windows 10 Enterprise,19042
MARKWKAVWPOTATO,Windows 10 Enterprise,19042
MARKWKDAVIS,Windows 10 Pro,19042
MARKWKETONY,Windows 10 Enterprise,19042
MARKWKKEB2122,Windows 10 Enterprise,19042
MARKWKKEB2124,Windows 10 Enterprise,19042
MARKWKKEB2128,Windows 10 Enterprise,19042
MARKWKKEB2134B,Windows 10 Enterprise,19042
MARKWKKEB2138A,Windows 10 Enterprise,19042
MARKWKKEB2138C,Windows 10 Enterprise,19042
MARKWKKEB2140B,Windows 10 Enterprise,19042
MARKWKKEB2140C,Windows 10 Enterprise,19042
MARKWKKEB2141A,Windows 10 Enterprise,19042
MARKWKKEB2141B,Windows 10 Enterprise,19042
MARKWKKEB2141C,Windows 10 Enterprise,19042
MARKWKKEB2211H,Windows 10 Enterprise,19042
MARKWKKEB2211I,Windows 10 Enterprise,19042
MARKWKKEB2211J,Windows 10 Enterprise,19042
MARKWKKEB2211K,Windows 10 Enterprise,19042
MARKWKKEB2211O,Windows 10 Enterprise,19042
MARKWKKEB2226C,Windows 10 Enterprise,19042
MARKWKKEB2228A,Windows 10 Enterprise,19042
MARKWKKEB2228B,Windows 10 Enterprise,19042
MARKWKKEB2232,Windows 10 Enterprise,19042
MARKWKKEB2234A,Windows 10 Enterprise,18363
MARKWKKEB2238A,Windows 10 Enterprise,19042
MARKWKKEB2238C,Windows 10 Enterprise,19042
MARKWKKEB2238D,Windows 10 Enterprise,18363
MARKWKKEB2240A,Windows 10 Enterprise,19042
MARKWKKEB2240C,Windows 10 Enterprise,19042
MARKWKKEB2242A,Windows 10 Enterprise,19042
MARKWKKEB2242C,Windows 10 Enterprise,19042
MARKWKKEB2243A,Windows 10 Enterprise,19042
MARKWKKEB2243M,Windows 10 Enterprise,19042
MARKWKKEB2243N,Windows 10 Enterprise,19042
MARKWKKEB2243Q,Windows 10 Enterprise,19043
MARKWKKEB2243T,Windows 10 Enterprise,19042
MARKWKKEB2243W,Windows 10 Enterprise,19042
MARKWKKEB2243X,Windows 10 Enterprise,19042
MARKWKKEB2244A,Windows 10 Enterprise,19042
MARKWKKEB2244B,Windows 10 Enterprise,19042
MARKWKKEB2244C,Windows 10 Enterprise,19042
MARKWKTRETTER,Windows 10 Enterprise,19043
MARKWKYEUNG-HOME,Windows 10 Enterprise,19042
MARKWKZAKIHOME,Windows 10 Enterprise,19042
MARKWKZAKIHOME1,Windows 10 Enterprise,19044